-- phpMyAdmin SQL Dump
-- version 5.2.1
-- https://www.phpmyadmin.net/
--
-- Host: 127.0.0.1
-- Generation Time: Nov 28, 2023 at 02:29 PM
-- Server version: 10.4.28-MariaDB
-- PHP Version: 8.2.4

SET SQL_MODE = "NO_AUTO_VALUE_ON_ZERO";
START TRANSACTION;
SET time_zone = "+00:00";


/*!40101 SET @OLD_CHARACTER_SET_CLIENT=@@CHARACTER_SET_CLIENT */;
/*!40101 SET @OLD_CHARACTER_SET_RESULTS=@@CHARACTER_SET_RESULTS */;
/*!40101 SET @OLD_COLLATION_CONNECTION=@@COLLATION_CONNECTION */;
/*!40101 SET NAMES utf8mb4 */;

--
-- Database: `my_project`
--

-- --------------------------------------------------------

--
-- Table structure for table `categories`
--

CREATE TABLE `categories` (
  `id` int(20) NOT NULL,
  `name` varchar(100) NOT NULL,
  `createdAt` datetime DEFAULT NULL,
  `updatedAt` datetime DEFAULT NULL,
  `deletedAt` datetime DEFAULT NULL
) ENGINE=InnoDB DEFAULT CHARSET=utf8mb4 COLLATE=utf8mb4_general_ci;

--
-- Dumping data for table `categories`
--

INSERT INTO `categories` (`id`, `name`, `createdAt`, `updatedAt`, `deletedAt`) VALUES
(5, 'Nhẫn', '2023-08-19 21:11:09', '2023-08-19 21:11:09', '2023-08-22 10:15:58'),
(6, 'Vòng cổ', '2023-08-19 21:11:19', '2023-10-12 23:28:23', '2023-10-16 16:30:39'),
(7, 'test', '2023-08-19 21:11:25', '2023-08-19 21:11:25', '2023-08-19 21:11:28'),
(8, 'vòng tay', '2023-08-19 21:21:10', '2023-08-19 21:21:10', '2023-08-24 14:04:44'),
(9, 'Khuất Tiến Đạt', '2023-08-24 14:54:53', '2023-08-24 14:54:53', '2023-08-24 22:13:01'),
(10, 'nhẫn', '2023-08-28 15:18:49', '2023-09-06 15:09:10', '2023-10-16 16:30:39'),
(11, 'undefineds', '2023-10-06 11:33:11', '2023-10-06 11:33:11', '2023-10-06 11:33:16'),
(12, 'Nhẫn', '2023-10-16 16:31:43', '2023-11-05 20:35:39', NULL),
(13, 'Vòng tay', '2023-10-16 16:34:51', '2023-11-05 20:35:55', NULL),
(14, 'Vòng cổ', '2023-11-05 20:36:05', '2023-11-05 20:36:05', NULL),
(15, 'Hoa tai', '2023-11-05 20:36:20', '2023-11-05 20:36:20', NULL),
(16, 'nhan1', '2023-11-16 02:03:12', '2023-11-16 02:03:12', '2023-11-21 13:41:23'),
(17, 'das', '2023-11-16 21:10:57', '2023-11-16 21:10:57', '2023-11-21 13:41:21'),
(18, 'dasww', '2023-11-16 21:11:04', '2023-11-16 21:11:04', '2023-11-21 13:41:17');

-- --------------------------------------------------------

--
-- Table structure for table `galleries`
--

CREATE TABLE `galleries` (
  `id` int(20) NOT NULL,
  `product_id` int(20) NOT NULL,
  `image_url` varchar(500) NOT NULL,
  `createdAt` datetime DEFAULT NULL,
  `deletedAt` datetime DEFAULT NULL,
  `updatedAt` datetime DEFAULT NULL
) ENGINE=InnoDB DEFAULT CHARSET=utf8mb4 COLLATE=utf8mb4_general_ci;

--
-- Dumping data for table `galleries`
--

INSERT INTO `galleries` (`id`, `product_id`, `image_url`, `createdAt`, `deletedAt`, `updatedAt`) VALUES
(33, 34, 'multiple_images-1692454315680.png', '2023-08-19 21:11:56', '2023-08-19 21:15:52', '2023-08-19 21:11:56'),
(34, 34, 'multiple_images-1692454315708.png', '2023-08-19 21:11:56', '2023-08-19 21:15:52', '2023-08-19 21:11:56'),
(35, 34, 'multiple_images-1692454315721.png', '2023-08-19 21:11:56', '2023-08-19 21:15:52', '2023-08-19 21:11:56'),
(36, 34, 'multiple_images-1692454315763.png', '2023-08-19 21:11:56', '2023-08-19 21:15:52', '2023-08-19 21:11:56'),
(37, 34, 'multiple_images-1692454315774.png', '2023-08-19 21:11:56', '2023-08-19 21:15:52', '2023-08-19 21:11:56'),
(38, 34, 'multiple_images-1692454315779.png', '2023-08-19 21:11:56', '2023-08-19 21:15:52', '2023-08-19 21:11:56'),
(39, 35, 'multiple_images-1692454761501.png', '2023-08-19 21:19:21', '2023-08-19 21:19:27', '2023-08-19 21:19:21'),
(40, 35, 'multiple_images-1692454761509.png', '2023-08-19 21:19:21', '2023-08-19 21:19:27', '2023-08-19 21:19:21'),
(41, 35, 'multiple_images-1692454761514.png', '2023-08-19 21:19:21', '2023-08-19 21:19:27', '2023-08-19 21:19:21'),
(42, 35, 'multiple_images-1692454761527.png', '2023-08-19 21:19:21', '2023-08-19 21:19:27', '2023-08-19 21:19:21'),
(43, 35, 'multiple_images-1692454761531.png', '2023-08-19 21:19:21', '2023-08-19 21:19:27', '2023-08-19 21:19:21'),
(44, 35, 'multiple_images-1692454761537.png', '2023-08-19 21:19:21', '2023-08-19 21:19:27', '2023-08-19 21:19:21'),
(45, 36, 'multiple_images-1692454887193.png', '2023-08-19 21:21:27', '2023-08-21 08:12:06', '2023-08-19 21:21:27'),
(46, 37, 'multiple_images-1692455075824.png', '2023-08-19 21:24:36', '2023-08-21 08:12:06', '2023-08-19 21:24:36'),
(47, 38, 'multiple_images-1692603606731.png', '2023-08-21 14:40:07', '2023-08-24 14:04:40', '2023-08-21 14:40:07'),
(48, 38, 'multiple_images-1692603606756.png', '2023-08-21 14:40:07', '2023-08-24 14:04:40', '2023-08-21 14:40:07'),
(49, 38, 'multiple_images-1692603606763.png', '2023-08-21 14:40:07', '2023-08-24 14:04:40', '2023-08-21 14:40:07'),
(50, 38, 'multiple_images-1692603606789.png', '2023-08-21 14:40:07', '2023-08-24 14:04:40', '2023-08-21 14:40:07'),
(51, 38, 'multiple_images-1692603606814.png', '2023-08-21 14:40:07', '2023-08-24 14:04:40', '2023-08-21 14:40:07'),
(52, 38, 'multiple_images-1692603606829.png', '2023-08-21 14:40:07', '2023-08-24 14:04:40', '2023-08-21 14:40:07'),
(53, 39, 'multiple_images-1692674152708.png', '2023-08-22 10:15:53', '2023-08-22 10:15:58', '2023-08-22 10:15:53'),
(54, 40, 'multiple_images-1692860719859.png', '2023-08-24 14:05:20', '2023-10-06 12:33:43', '2023-08-24 14:05:20'),
(55, 41, 'multiple_images-1692889974878.png', '2023-08-24 22:12:55', '2023-08-24 22:13:01', '2023-08-24 22:12:55'),
(56, 41, 'multiple_images-1692889974902.png', '2023-08-24 22:12:55', '2023-08-24 22:13:01', '2023-08-24 22:12:55'),
(57, 41, 'multiple_images-1692889974941.png', '2023-08-24 22:12:55', '2023-08-24 22:13:01', '2023-08-24 22:12:55'),
(58, 41, 'multiple_images-1692889974946.png', '2023-08-24 22:12:55', '2023-08-24 22:13:01', '2023-08-24 22:12:55'),
(59, 41, 'multiple_images-1692889974951.png', '2023-08-24 22:12:55', '2023-08-24 22:13:01', '2023-08-24 22:12:55'),
(60, 42, 'multiple_images-1692978171519.png', '2023-08-25 22:42:51', '2023-08-28 16:37:01', '2023-08-25 22:42:51'),
(61, 42, 'multiple_images-1692978171555.png', '2023-08-25 22:42:51', '2023-08-28 16:37:01', '2023-08-25 22:42:51'),
(62, 42, 'multiple_images-1692978171562.png', '2023-08-25 22:42:51', '2023-08-28 16:37:01', '2023-08-25 22:42:51'),
(63, 42, 'multiple_images-1692978171569.png', '2023-08-25 22:42:51', '2023-08-28 16:37:01', '2023-08-25 22:42:51'),
(64, 42, 'multiple_images-1692978171577.png', '2023-08-25 22:42:51', '2023-08-28 16:37:01', '2023-08-25 22:42:51'),
(65, 42, 'multiple_images-1692978171583.png', '2023-08-25 22:42:51', '2023-08-28 16:37:01', '2023-08-25 22:42:51'),
(66, 43, 'multiple_images-1693210773621.png', '2023-08-28 15:19:33', '2023-10-06 12:33:28', '2023-08-28 15:19:33'),
(67, 44, 'multiple_images-1693212020949.png', '2023-08-28 15:40:21', '2023-08-28 16:32:47', '2023-08-28 15:40:21'),
(68, 44, 'multiple_images-1693215167194.png', '2023-08-28 16:32:47', '2023-08-28 16:33:39', '2023-08-28 16:32:47'),
(69, 44, 'multiple_images-1693215167222.png', '2023-08-28 16:32:47', '2023-08-28 16:33:39', '2023-08-28 16:32:47'),
(70, 44, 'multiple_images-1693215167242.png', '2023-08-28 16:32:47', '2023-08-28 16:33:39', '2023-08-28 16:32:47'),
(71, 44, 'multiple_images-1693215167253.png', '2023-08-28 16:32:47', '2023-08-28 16:33:39', '2023-08-28 16:32:47'),
(72, 44, 'multiple_images-1693215167275.png', '2023-08-28 16:32:47', '2023-08-28 16:33:39', '2023-08-28 16:32:47'),
(73, 44, 'multiple_images-1693215167314.png', '2023-08-28 16:32:47', '2023-08-28 16:33:39', '2023-08-28 16:32:47'),
(74, 44, 'multiple_images-1693215218999.png', '2023-08-28 16:33:39', '2023-08-28 16:39:51', '2023-08-28 16:33:39'),
(75, 44, 'multiple_images-1693215219021.png', '2023-08-28 16:33:39', '2023-08-28 16:39:51', '2023-08-28 16:33:39'),
(76, 44, 'multiple_images-1693215219037.png', '2023-08-28 16:33:39', '2023-08-28 16:39:51', '2023-08-28 16:33:39'),
(77, 42, 'multiple_images-1693215421150.png', '2023-08-28 16:37:01', '2023-10-06 13:56:02', '2023-08-28 16:37:01'),
(78, 45, 'multiple_images-1693321740342.png', '2023-08-29 22:09:00', '2023-10-06 13:56:02', '2023-08-29 22:09:00'),
(79, 46, 'multiple_images-1693322290486.png', '2023-08-29 22:18:10', '2023-10-06 12:31:25', '2023-08-29 22:18:10'),
(80, 46, 'multiple_images-1693322290573.png', '2023-08-29 22:18:10', '2023-10-06 12:31:25', '2023-08-29 22:18:10'),
(81, 46, 'multiple_images-1693322290668.png', '2023-08-29 22:18:10', '2023-10-06 12:31:25', '2023-08-29 22:18:10'),
(82, 46, 'multiple_images-1693322290676.png', '2023-08-29 22:18:10', '2023-10-06 12:31:25', '2023-08-29 22:18:10'),
(83, 46, 'multiple_images-1693322290679.png', '2023-08-29 22:18:10', '2023-10-06 12:31:25', '2023-08-29 22:18:10'),
(84, 46, 'multiple_images-1696570285731.png', '2023-10-06 12:31:25', '2023-10-06 13:56:02', '2023-10-06 12:31:25'),
(85, 43, 'multiple_images-1696570408241.png', '2023-10-06 12:33:28', '2023-10-06 13:56:02', '2023-10-06 12:33:28'),
(86, 43, 'multiple_images-1696570408245.png', '2023-10-06 12:33:28', '2023-10-06 13:56:02', '2023-10-06 12:33:28'),
(87, 40, 'multiple_images-1696570423490.png', '2023-10-06 12:33:43', '2023-10-06 13:27:59', '2023-10-06 12:33:43'),
(88, 40, 'multiple_images-1696570423501.png', '2023-10-06 12:33:43', '2023-10-06 13:27:59', '2023-10-06 12:33:43'),
(89, 40, 'multiple_images-1696570423507.png', '2023-10-06 12:33:43', '2023-10-06 13:27:59', '2023-10-06 12:33:43'),
(90, 40, 'multiple_images-1696570423513.png', '2023-10-06 12:33:43', '2023-10-06 13:27:59', '2023-10-06 12:33:43'),
(91, 40, 'multiple_images-1696570423517.png', '2023-10-06 12:33:43', '2023-10-06 13:27:59', '2023-10-06 12:33:43'),
(92, 40, 'multiple_images-1696570423522.png', '2023-10-06 12:33:43', '2023-10-06 13:27:59', '2023-10-06 12:33:43'),
(93, 47, 'multiple_images-1696570654224.png', '2023-10-06 12:37:34', '2023-10-06 13:56:02', '2023-10-06 12:37:34'),
(94, 47, 'multiple_images-1696570654248.png', '2023-10-06 12:37:34', '2023-10-06 13:56:02', '2023-10-06 12:37:34'),
(95, 47, 'multiple_images-1696570654255.png', '2023-10-06 12:37:34', '2023-10-06 13:56:02', '2023-10-06 12:37:34'),
(96, 47, 'multiple_images-1696570654263.png', '2023-10-06 12:37:34', '2023-10-06 13:56:02', '2023-10-06 12:37:34'),
(97, 47, 'multiple_images-1696570654275.png', '2023-10-06 12:37:34', '2023-10-06 13:56:02', '2023-10-06 12:37:34'),
(98, 47, 'multiple_images-1696570654284.png', '2023-10-06 12:37:34', '2023-10-06 13:56:02', '2023-10-06 12:37:34'),
(99, 40, 'multiple_images-1696573679438.png', '2023-10-06 13:27:59', '2023-10-06 13:29:35', '2023-10-06 13:27:59'),
(100, 40, 'multiple_images-1696573774895.png', '2023-10-06 13:29:35', '2023-10-06 13:56:02', '2023-10-06 13:29:35'),
(101, 40, 'multiple_images-1696573774903.png', '2023-10-06 13:29:35', '2023-10-06 13:56:02', '2023-10-06 13:29:35'),
(102, 40, 'multiple_images-1696573774911.png', '2023-10-06 13:29:35', '2023-10-06 13:56:02', '2023-10-06 13:29:35'),
(103, 40, 'multiple_images-1696573774919.png', '2023-10-06 13:29:35', '2023-10-06 13:56:02', '2023-10-06 13:29:35'),
(104, 40, 'multiple_images-1696573774925.png', '2023-10-06 13:29:35', '2023-10-06 13:56:02', '2023-10-06 13:29:35'),
(105, 48, 'multiple_images-1696575422862.png', '2023-10-06 13:57:03', '2023-10-16 16:30:39', '2023-10-06 13:57:03'),
(106, 48, 'multiple_images-1696575422899.png', '2023-10-06 13:57:03', '2023-10-16 16:30:39', '2023-10-06 13:57:03'),
(107, 48, 'multiple_images-1696575422905.png', '2023-10-06 13:57:03', '2023-10-16 16:30:39', '2023-10-06 13:57:03'),
(108, 48, 'multiple_images-1696575422910.png', '2023-10-06 13:57:03', '2023-10-16 16:30:39', '2023-10-06 13:57:03'),
(109, 48, 'multiple_images-1696575422915.png', '2023-10-06 13:57:03', '2023-10-16 16:30:39', '2023-10-06 13:57:03'),
(110, 48, 'multiple_images-1696575422921.png', '2023-10-06 13:57:03', '2023-10-16 16:30:39', '2023-10-06 13:57:03'),
(111, 49, 'multiple_images-1696578102418.png', '2023-10-06 14:41:42', '2023-10-16 16:30:39', '2023-10-06 14:41:42'),
(112, 49, 'multiple_images-1696578102452.png', '2023-10-06 14:41:42', '2023-10-16 16:30:39', '2023-10-06 14:41:42'),
(113, 49, 'multiple_images-1696578102504.png', '2023-10-06 14:41:42', '2023-10-16 16:30:39', '2023-10-06 14:41:42'),
(114, 49, 'multiple_images-1696578102521.png', '2023-10-06 14:41:42', '2023-10-16 16:30:39', '2023-10-06 14:41:42'),
(115, 49, 'multiple_images-1696578102538.png', '2023-10-06 14:41:42', '2023-10-16 16:30:39', '2023-10-06 14:41:42'),
(116, 49, 'multiple_images-1696578102544.png', '2023-10-06 14:41:42', '2023-10-16 16:30:39', '2023-10-06 14:41:42'),
(117, 50, 'multiple_images-1696583129844.png', '2023-10-06 16:05:30', '2023-10-16 16:30:39', '2023-10-06 16:05:30'),
(118, 51, 'multiple_images-1697448426960.jpg', '2023-10-16 16:27:07', '2023-10-16 16:30:39', '2023-10-16 16:27:07'),
(119, 53, 'multiple_images-1697530238406.png', '2023-10-17 15:10:38', '2023-11-05 20:34:20', '2023-10-17 15:10:38'),
(120, 54, 'multiple_images-1698370744623.png', '2023-10-27 08:39:04', '2023-11-05 20:34:18', '2023-10-27 08:39:04'),
(121, 54, 'multiple_images-1698370744643.png', '2023-10-27 08:39:04', '2023-11-05 20:34:18', '2023-10-27 08:39:04'),
(122, 54, 'multiple_images-1698370744658.png', '2023-10-27 08:39:04', '2023-11-05 20:34:18', '2023-10-27 08:39:04'),
(123, 54, 'multiple_images-1698370744662.png', '2023-10-27 08:39:04', '2023-11-05 20:34:18', '2023-10-27 08:39:04'),
(124, 54, 'multiple_images-1698370744667.png', '2023-10-27 08:39:04', '2023-11-05 20:34:18', '2023-10-27 08:39:04'),
(125, 54, 'multiple_images-1698370744677.png', '2023-10-27 08:39:04', '2023-11-05 20:34:18', '2023-10-27 08:39:04'),
(126, 55, 'multiple_images-1699191327339.png', '2023-11-05 20:35:27', NULL, '2023-11-05 20:35:27'),
(127, 56, 'multiple_images-1699191413844.jpg', '2023-11-05 20:36:54', NULL, '2023-11-05 20:36:54'),
(128, 57, 'multiple_images-1699191485144.png', '2023-11-05 20:38:05', NULL, '2023-11-05 20:38:05'),
(129, 58, 'multiple_images-1699191520459.png', '2023-11-05 20:38:40', NULL, '2023-11-05 20:38:40'),
(130, 59, 'multiple_images-1699191562919.png', '2023-11-05 20:39:23', NULL, '2023-11-05 20:39:23'),
(131, 60, 'multiple_images-1699191615161.jpg', '2023-11-05 20:40:15', NULL, '2023-11-05 20:40:15'),
(132, 61, 'multiple_images-1700501367077.png', '2023-11-21 00:29:27', NULL, '2023-11-21 00:29:27'),
(133, 61, 'multiple_images-1700501367090.png', '2023-11-21 00:29:27', NULL, '2023-11-21 00:29:27'),
(134, 61, 'multiple_images-1700501367099.png', '2023-11-21 00:29:27', NULL, '2023-11-21 00:29:27'),
(135, 61, 'multiple_images-1700501367107.png', '2023-11-21 00:29:27', NULL, '2023-11-21 00:29:27'),
(136, 61, 'multiple_images-1700501367113.png', '2023-11-21 00:29:27', NULL, '2023-11-21 00:29:27'),
(137, 61, 'multiple_images-1700501367117.png', '2023-11-21 00:29:27', NULL, '2023-11-21 00:29:27'),
(138, 62, 'multiple_images-1700983272247.jpg', '2023-11-26 14:21:12', NULL, '2023-11-26 14:21:12'),
(139, 63, 'multiple_images-1700983293844.jpg', '2023-11-26 14:21:34', NULL, '2023-11-26 14:21:34'),
(140, 64, 'multiple_images-1700983321502.png', '2023-11-26 14:22:01', NULL, '2023-11-26 14:22:01'),
(141, 65, 'multiple_images-1700983339341.png', '2023-11-26 14:22:19', NULL, '2023-11-26 14:22:19');

-- --------------------------------------------------------

--
-- Table structure for table `orders`
--

CREATE TABLE `orders` (
  `id` int(20) NOT NULL,
  `user_id` int(20) NOT NULL,
  `note` varchar(500) CHARACTER SET utf8 COLLATE utf8_general_ci NOT NULL,
  `createdAt` datetime DEFAULT NULL,
  `status` text DEFAULT NULL,
  `total_money` int(20) NOT NULL,
  `updatedAt` datetime DEFAULT NULL,
  `deletedAt` datetime DEFAULT NULL
) ENGINE=InnoDB DEFAULT CHARSET=utf8mb4 COLLATE=utf8mb4_general_ci;

--
-- Dumping data for table `orders`
--

INSERT INTO `orders` (`id`, `user_id`, `note`, `createdAt`, `status`, `total_money`, `updatedAt`, `deletedAt`) VALUES
(1, 23, 'test', '2023-08-24 13:50:57', '0', 0, '2023-08-24 14:04:40', '2023-08-24 14:04:40'),
(2, 23, 'test', '2023-08-24 13:51:28', '0', 0, '2023-08-24 14:04:40', '2023-08-24 14:04:40'),
(3, 23, 'test', '2023-08-24 13:55:05', '0', 0, '2023-08-24 14:04:40', '2023-08-24 14:04:40'),
(4, 23, 'test', '2023-08-24 20:42:33', '0', 5000000, '2023-08-24 20:42:33', '2023-08-30 13:24:00'),
(5, 23, 'test', '2023-08-24 20:46:26', '0', 5000000, '2023-08-24 20:47:48', '2023-08-25 13:32:52'),
(6, 23, 'test', '2023-08-24 20:52:23', 'Đã thanh toán', 5000000, '2023-08-24 20:58:04', '2023-08-30 13:23:29'),
(7, 23, 'test', '2023-08-30 13:25:01', 'chưa thanh toán', 0, '2023-10-06 13:56:02', '2023-10-06 13:56:02'),
(8, 23, 'test', '2023-08-30 13:25:10', 'chưa thanh toán', 0, '2023-10-06 13:56:02', '2023-10-06 13:56:02'),
(9, 23, 'test', '2023-08-30 13:25:18', 'chưa thanh toán', 5000000, '2023-08-30 13:25:18', '2023-09-18 14:42:07'),
(10, 23, 'test', '2023-08-30 13:29:16', 'chưa thanh toán', 5000000, '2023-08-30 13:29:16', '2023-08-31 13:07:22'),
(11, 23, 'test', '2023-09-07 13:59:34', 'Đã thanh toán', 5000000, '2023-09-07 14:00:01', '2023-09-18 14:42:03'),
(12, 23, 'test', '2023-10-04 23:04:20', 'Đã thanh toán', 0, '2023-10-06 13:56:02', '2023-10-06 13:56:02'),
(13, 23, 'test', '2023-10-04 23:30:19', 'chưa thanh toán', 4000000, '2023-10-04 23:30:19', '2023-10-04 23:32:36'),
(14, 23, 'test', '2023-10-04 23:34:32', 'Đã thanh toán', 0, '2023-10-06 13:56:02', '2023-10-06 13:56:02'),
(15, 23, 'test', '2023-10-06 14:50:45', 'Đã thanh toán', 0, '2023-10-16 16:30:39', '2023-10-16 16:30:39'),
(16, 23, 'test', '2023-11-16 00:49:25', 'Đã thanh toán', 8017800, '2023-11-16 00:49:46', NULL),
(17, 23, 'test', '2023-11-16 00:52:23', 'Đã thanh toán', 8017800, '2023-11-16 00:52:34', NULL),
(18, 23, 'test', '2023-11-16 00:53:05', 'Đã thanh toán', 8017800, '2023-11-16 00:53:15', NULL),
(19, 23, 'test', '2023-11-16 00:53:33', 'Đã thanh toán', 8017800, '2023-11-16 00:53:43', NULL),
(20, 23, 'test', '2023-11-26 15:05:50', 'chưa thanh toán', 8017800, '2023-11-26 15:05:50', NULL),
(21, 23, 'test', '2023-11-26 15:07:23', 'chưa thanh toán', 8017800, '2023-11-26 15:07:23', NULL),
(22, 23, 'test', '2023-11-26 15:07:23', 'chưa thanh toán', 8017800, '2023-11-26 15:07:23', NULL),
(23, 23, 'test', '2023-11-26 15:12:19', 'chưa thanh toán', 2812800, '2023-11-26 15:12:19', NULL),
(24, 23, 'test', '2023-11-26 15:16:05', 'chưa thanh toán', 2812800, '2023-11-26 15:16:05', '2023-11-28 15:46:36'),
(25, 23, 'test', '2023-11-26 15:22:50', 'chưa thanh toán', 2812800, '2023-11-26 15:22:50', NULL),
(26, 23, 'test', '2023-11-26 15:23:49', 'chưa thanh toán', 2812800, '2023-11-26 15:23:49', NULL),
(27, 23, 'test', '2023-11-26 15:25:03', 'chưa thanh toán', 2812800, '2023-11-26 15:25:03', NULL),
(28, 23, 'test', '2023-11-26 16:47:24', 'chưa thanh toán', 2812800, '2023-11-26 16:47:24', NULL),
(29, 23, 'test', '2023-11-26 16:48:47', 'chưa thanh toán', 2812800, '2023-11-26 16:48:47', NULL),
(30, 23, 'test', '2023-11-26 16:50:58', 'chưa thanh toán', 2812800, '2023-11-26 16:50:58', NULL),
(31, 23, 'test', '2023-11-26 18:05:44', 'chưa thanh toán', 2812800, '2023-11-26 18:05:44', NULL),
(32, 23, 'test', '2023-11-26 21:36:26', 'chưa thanh toán', 2812800, '2023-11-26 21:36:26', NULL),
(33, 23, 'test', '2023-11-26 22:56:46', 'chưa thanh toán', 2812800, '2023-11-26 22:56:46', NULL),
(34, 23, 'test', '2023-11-26 23:14:26', 'chưa thanh toán', 2812800, '2023-11-26 23:14:26', NULL),
(35, 23, 'test', '2023-11-27 00:35:03', 'chưa thanh toán', 2812800, '2023-11-27 00:35:03', '2023-11-27 00:35:14'),
(36, 23, 'test', '2023-11-27 00:36:24', 'chưa thanh toán', 2812800, '2023-11-27 00:36:24', NULL),
(37, 23, 'test', '2023-11-27 00:36:25', 'chưa thanh toán', 2812800, '2023-11-27 00:36:25', NULL),
(38, 23, 'test', '2023-11-27 00:43:38', 'chưa thanh toán', 2812800, '2023-11-27 00:43:38', NULL),
(39, 23, 'test', '2023-11-27 00:46:55', 'chưa thanh toán', 2812800, '2023-11-27 00:46:55', NULL),
(40, 23, 'test', '2023-11-27 01:08:40', 'chưa thanh toán', 2812800, '2023-11-27 01:08:40', '2023-11-27 01:08:55'),
(41, 23, 'test', '2023-11-27 01:10:18', 'chưa thanh toán', 2812800, '2023-11-27 01:10:18', NULL),
(42, 23, 'test', '2023-11-28 15:32:12', 'chưa thanh toán', 44671000, '2023-11-28 15:32:12', NULL),
(43, 23, 'test', '2023-11-28 15:32:54', 'chưa thanh toán', 44671000, '2023-11-28 15:32:54', NULL),
(44, 23, 'test', '2023-11-28 15:37:41', 'Đã thanh toán', 27283000, '2023-11-28 15:38:01', '2023-11-28 15:46:47'),
(45, 23, 'test', '2023-11-28 15:39:12', 'chưa thanh toán', 16393000, '2023-11-28 15:39:12', '2023-11-28 15:39:25'),
(46, 23, 'test', '2023-11-28 19:49:13', 'Đã thanh toán', 17293000, '2023-11-28 19:49:40', NULL);

-- --------------------------------------------------------

--
-- Table structure for table `order_details`
--

CREATE TABLE `order_details` (
  `id` int(20) NOT NULL,
  `order_id` int(20) NOT NULL,
  `product_id` int(20) NOT NULL,
  `quantity` int(20) NOT NULL,
  `price` int(20) NOT NULL,
  `total_money` int(20) NOT NULL,
  `createdAt` datetime DEFAULT NULL,
  `deletedAt` datetime DEFAULT NULL,
  `updatedAt` datetime DEFAULT NULL
) ENGINE=InnoDB DEFAULT CHARSET=utf8mb4 COLLATE=utf8mb4_general_ci;

--
-- Dumping data for table `order_details`
--

INSERT INTO `order_details` (`id`, `order_id`, `product_id`, `quantity`, `price`, `total_money`, `createdAt`, `deletedAt`, `updatedAt`) VALUES
(1, 1, 38, 1, 1000000, 1000000, '2023-08-24 13:50:57', '2023-11-01 00:51:37', '2023-08-24 13:50:57'),
(2, 2, 38, 1, 1000000, 1000000, '2023-08-24 13:51:28', '2023-11-06 00:51:43', '2023-08-24 13:51:28'),
(3, 3, 38, 1, 1000000, 1000000, '2023-08-24 13:55:05', '2023-11-06 00:51:50', '2023-08-24 13:55:05'),
(4, 4, 38, 1, 1000000, 1000000, '2023-08-24 20:42:33', '2023-11-06 00:51:52', '2023-08-24 20:42:33'),
(5, 5, 38, 1, 1000000, 1000000, '2023-08-24 20:46:26', '2023-11-07 00:51:54', '2023-08-24 20:46:26'),
(6, 6, 38, 1, 1000000, 1000000, '2023-08-24 20:52:23', '2023-11-09 00:51:57', '2023-08-24 20:52:23'),
(7, 7, 40, 1, 1000000, 1000000, '2023-08-30 13:25:01', '2023-10-06 13:56:02', '2023-08-30 13:25:01'),
(8, 8, 40, 1, 1000000, 1000000, '2023-08-30 13:25:10', '2023-10-06 13:56:02', '2023-08-30 13:25:10'),
(9, 9, 40, 1, 1000000, 1000000, '2023-08-30 13:25:18', '2023-09-18 14:42:07', '2023-08-30 13:25:18'),
(10, 10, 40, 1, 1000000, 1000000, '2023-08-30 13:29:16', '2023-08-31 13:07:22', '2023-08-30 13:29:16'),
(11, 11, 45, 1, 1000000, 1000000, '2023-09-07 13:59:34', '2023-09-18 14:42:03', '2023-09-07 13:59:34'),
(12, 11, 43, 1, 1000000, 1000000, '2023-09-07 13:59:34', '2023-09-18 14:42:03', '2023-09-07 13:59:34'),
(13, 11, 46, 1, 1000000, 1000000, '2023-09-07 13:59:34', '2023-09-18 14:42:03', '2023-09-07 13:59:34'),
(14, 12, 45, 1, 1000000, 1000000, '2023-10-04 23:04:20', '2023-10-06 13:56:02', '2023-10-04 23:04:20'),
(15, 12, 43, 1, 1000000, 1000000, '2023-10-04 23:04:20', '2023-10-06 13:56:02', '2023-10-04 23:04:20'),
(16, 12, 46, 1, 1000000, 1000000, '2023-10-04 23:04:20', '2023-10-06 13:56:02', '2023-10-04 23:04:20'),
(17, 13, 45, 2, 1000000, 2000000, '2023-10-04 23:30:19', '2023-10-04 23:32:36', '2023-10-04 23:30:19'),
(18, 13, 43, 1, 1000000, 1000000, '2023-10-04 23:30:19', '2023-10-04 23:32:36', '2023-10-04 23:30:19'),
(19, 13, 46, 1, 1000000, 1000000, '2023-10-04 23:30:19', '2023-10-04 23:32:36', '2023-10-04 23:30:19'),
(20, 14, 45, 2, 1000000, 2000000, '2023-10-04 23:34:32', '2023-10-06 13:56:02', '2023-10-04 23:34:32'),
(21, 14, 43, 1, 1000000, 1000000, '2023-10-04 23:34:32', '2023-10-06 13:56:02', '2023-10-04 23:34:32'),
(22, 14, 46, 1, 1000000, 1000000, '2023-10-04 23:34:32', '2023-10-06 13:56:02', '2023-10-04 23:34:32'),
(23, 15, 48, 5, 1600000, 8000000, '2023-10-06 14:50:45', '2023-10-16 16:30:39', '2023-10-06 14:50:45'),
(24, 15, 49, 1, 17800, 17800, '2023-10-06 14:50:45', '2023-10-16 16:30:39', '2023-10-06 14:50:45'),
(25, 16, 60, 5, 1600000, 8000000, '2023-11-16 00:49:25', NULL, '2023-11-16 00:49:25'),
(26, 16, 59, 1, 17800, 17800, '2023-11-16 00:49:25', NULL, '2023-11-16 00:49:25'),
(27, 17, 60, 5, 1600000, 8000000, '2023-11-16 00:52:23', NULL, '2023-11-16 00:52:23'),
(28, 17, 59, 5, 17800, 17800, '2023-11-16 00:52:23', NULL, '2023-11-16 00:52:23'),
(29, 18, 60, 1, 1600000, 8000000, '2023-11-16 00:53:05', NULL, '2023-11-16 00:53:05'),
(30, 18, 59, 5, 17800, 17800, '2023-11-16 00:53:05', NULL, '2023-11-16 00:53:05'),
(31, 19, 60, 1, 1600000, 8000000, '2023-11-16 00:53:33', NULL, '2023-11-16 00:53:33'),
(32, 19, 59, 5, 17800, 17800, '2023-11-16 00:53:33', NULL, '2023-11-16 00:53:33'),
(33, 20, 48, 5, 1600000, 8000000, '2023-11-26 15:05:50', NULL, '2023-11-26 15:05:50'),
(34, 20, 49, 1, 17800, 17800, '2023-11-26 15:05:50', NULL, '2023-11-26 15:05:50'),
(35, 22, 48, 5, 1600000, 8000000, '2023-11-26 15:07:23', NULL, '2023-11-26 15:07:23'),
(36, 22, 49, 1, 17800, 17800, '2023-11-26 15:07:23', NULL, '2023-11-26 15:07:23'),
(37, 22, 48, 5, 1600000, 8000000, '2023-11-26 15:07:23', NULL, '2023-11-26 15:07:23'),
(38, 22, 49, 1, 17800, 17800, '2023-11-26 15:07:23', NULL, '2023-11-26 15:07:23'),
(39, 23, 58, 5, 559000, 2795000, '2023-11-26 15:12:19', NULL, '2023-11-26 15:12:19'),
(40, 23, 59, 1, 17800, 17800, '2023-11-26 15:12:19', NULL, '2023-11-26 15:12:19'),
(41, 24, 58, 5, 559000, 2795000, '2023-11-26 15:16:05', '2023-11-28 15:46:36', '2023-11-26 15:16:05'),
(42, 24, 59, 1, 17800, 17800, '2023-11-26 15:16:05', '2023-11-28 15:46:36', '2023-11-26 15:16:05'),
(43, 25, 58, 5, 559000, 2795000, '2023-11-26 15:22:50', NULL, '2023-11-26 15:22:50'),
(44, 25, 59, 1, 17800, 17800, '2023-11-26 15:22:50', NULL, '2023-11-26 15:22:50'),
(45, 26, 58, 999, 559000, 2795000, '2023-11-26 15:23:49', NULL, '2023-11-26 15:23:49'),
(46, 26, 59, 1, 17800, 17800, '2023-11-26 15:23:49', NULL, '2023-11-26 15:23:49'),
(47, 27, 58, 999, 559000, 2795000, '2023-11-26 15:25:03', NULL, '2023-11-26 15:25:03'),
(48, 27, 59, 1, 17800, 17800, '2023-11-26 15:25:03', NULL, '2023-11-26 15:25:03'),
(49, 28, 58, 999, 559000, 2795000, '2023-11-26 16:47:24', NULL, '2023-11-26 16:47:24'),
(50, 28, 59, 1, 17800, 17800, '2023-11-26 16:47:24', NULL, '2023-11-26 16:47:24'),
(51, 29, 58, 999, 559000, 2795000, '2023-11-26 16:48:48', NULL, '2023-11-26 16:48:48'),
(52, 29, 59, 1, 17800, 17800, '2023-11-26 16:48:48', NULL, '2023-11-26 16:48:48'),
(53, 30, 58, 999, 559000, 2795000, '2023-11-26 16:50:58', NULL, '2023-11-26 16:50:58'),
(54, 30, 59, 1, 17800, 17800, '2023-11-26 16:50:58', NULL, '2023-11-26 16:50:58'),
(55, 31, 58, 999, 559000, 2795000, '2023-11-26 18:05:44', NULL, '2023-11-26 18:05:44'),
(56, 31, 59, 1, 17800, 17800, '2023-11-26 18:05:44', NULL, '2023-11-26 18:05:44'),
(57, 32, 58, 999, 559000, 2795000, '2023-11-26 21:36:26', NULL, '2023-11-26 21:36:26'),
(58, 32, 59, 1, 17800, 17800, '2023-11-26 21:36:26', NULL, '2023-11-26 21:36:26'),
(59, 33, 58, 1, 559000, 2795000, '2023-11-26 22:56:46', NULL, '2023-11-26 22:56:46'),
(60, 33, 59, 1, 17800, 17800, '2023-11-26 22:56:46', NULL, '2023-11-26 22:56:46'),
(61, 34, 58, 1, 559000, 2795000, '2023-11-26 23:14:26', NULL, '2023-11-26 23:14:26'),
(62, 34, 59, 1, 17800, 17800, '2023-11-26 23:14:26', NULL, '2023-11-26 23:14:26'),
(63, 35, 58, 1, 559000, 2795000, '2023-11-27 00:35:03', '2023-11-27 00:35:14', '2023-11-27 00:35:03'),
(64, 35, 59, 1, 17800, 17800, '2023-11-27 00:35:03', '2023-11-27 00:35:14', '2023-11-27 00:35:03'),
(65, 36, 58, 1, 559000, 2795000, '2023-11-27 00:36:24', NULL, '2023-11-27 00:36:24'),
(66, 36, 59, 1, 17800, 17800, '2023-11-27 00:36:24', NULL, '2023-11-27 00:36:24'),
(67, 37, 58, 1, 559000, 2795000, '2023-11-27 00:36:25', NULL, '2023-11-27 00:36:25'),
(68, 37, 59, 1, 17800, 17800, '2023-11-27 00:36:25', NULL, '2023-11-27 00:36:25'),
(69, 38, 58, 1, 559000, 2795000, '2023-11-27 00:43:39', NULL, '2023-11-27 00:43:39'),
(70, 38, 59, 1, 17800, 17800, '2023-11-27 00:43:39', NULL, '2023-11-27 00:43:39'),
(71, 39, 58, 1, 559000, 2795000, '2023-11-27 00:46:55', NULL, '2023-11-27 00:46:55'),
(72, 39, 59, 1, 17800, 17800, '2023-11-27 00:46:55', NULL, '2023-11-27 00:46:55'),
(73, 40, 58, 1, 559000, 2795000, '2023-11-27 01:08:40', '2023-11-27 01:08:55', '2023-11-27 01:08:40'),
(74, 40, 59, 1, 17800, 17800, '2023-11-27 01:08:40', '2023-11-27 01:08:55', '2023-11-27 01:08:40'),
(75, 41, 58, 1, 559000, 2795000, '2023-11-27 01:10:18', NULL, '2023-11-27 01:10:18'),
(76, 41, 59, 1, 17800, 17800, '2023-11-27 01:10:18', NULL, '2023-11-27 01:10:18'),
(77, 42, 63, 15, 890000, 13350000, '2023-11-28 15:32:12', NULL, '2023-11-28 15:32:12'),
(78, 42, 59, 1, 3043000, 3043000, '2023-11-28 15:32:12', NULL, '2023-11-28 15:32:12'),
(79, 42, 62, 11, 900000, 9900000, '2023-11-28 15:32:12', NULL, '2023-11-28 15:32:12'),
(80, 42, 57, 1, 17388000, 17388000, '2023-11-28 15:32:12', NULL, '2023-11-28 15:32:12'),
(81, 42, 56, 1, 990000, 990000, '2023-11-28 15:32:12', NULL, '2023-11-28 15:32:12'),
(82, 43, 63, 15, 890000, 13350000, '2023-11-28 15:32:54', NULL, '2023-11-28 15:32:54'),
(83, 43, 59, 1, 3043000, 3043000, '2023-11-28 15:32:54', NULL, '2023-11-28 15:32:54'),
(84, 43, 62, 11, 900000, 9900000, '2023-11-28 15:32:54', NULL, '2023-11-28 15:32:54'),
(85, 43, 57, 1, 17388000, 17388000, '2023-11-28 15:32:54', NULL, '2023-11-28 15:32:54'),
(86, 43, 56, 1, 990000, 990000, '2023-11-28 15:32:54', NULL, '2023-11-28 15:32:54'),
(87, 44, 63, 15, 890000, 13350000, '2023-11-28 15:37:41', '2023-11-28 15:46:47', '2023-11-28 15:37:41'),
(88, 44, 59, 1, 3043000, 3043000, '2023-11-28 15:37:41', '2023-11-28 15:46:47', '2023-11-28 15:37:41'),
(89, 44, 62, 11, 900000, 9900000, '2023-11-28 15:37:41', '2023-11-28 15:46:47', '2023-11-28 15:37:41'),
(90, 44, 56, 1, 990000, 990000, '2023-11-28 15:37:41', '2023-11-28 15:46:47', '2023-11-28 15:37:41'),
(91, 45, 63, 15, 890000, 13350000, '2023-11-28 15:39:12', '2023-11-28 15:39:25', '2023-11-28 15:39:12'),
(92, 45, 59, 1, 3043000, 3043000, '2023-11-28 15:39:12', '2023-11-28 15:39:25', '2023-11-28 15:39:12'),
(93, 46, 63, 15, 890000, 13350000, '2023-11-28 19:49:13', NULL, '2023-11-28 19:49:13'),
(94, 46, 59, 1, 3043000, 3043000, '2023-11-28 19:49:13', NULL, '2023-11-28 19:49:13'),
(95, 46, 62, 1, 900000, 900000, '2023-11-28 19:49:13', NULL, '2023-11-28 19:49:13');

-- --------------------------------------------------------

--
-- Table structure for table `products`
--

CREATE TABLE `products` (
  `id` int(20) NOT NULL,
  `name` varchar(150) NOT NULL,
  `price` int(11) NOT NULL,
  `discount` int(11) NOT NULL,
  `description` longtext NOT NULL,
  `category_id` int(11) NOT NULL,
  `quantity` int(20) NOT NULL,
  `image` varchar(500) CHARACTER SET utf8 COLLATE utf8_general_ci NOT NULL,
  `createdAt` datetime DEFAULT NULL,
  `updatedAt` datetime DEFAULT NULL,
  `deletedAt` datetime DEFAULT NULL
) ENGINE=InnoDB DEFAULT CHARSET=utf8mb4 COLLATE=utf8mb4_general_ci;

--
-- Dumping data for table `products`
--

INSERT INTO `products` (`id`, `name`, `price`, `discount`, `description`, `category_id`, `quantity`, `image`, `createdAt`, `updatedAt`, `deletedAt`) VALUES
(34, 'Khuất Tiến Đạt', 20000, 111, 'â', 5, 22, 'multiple_images-1692454315680.png', '2023-08-19 21:11:56', '2023-08-19 21:11:56', '2023-08-19 21:15:52'),
(35, 'Khuất Tiến Đạt', 11, 111, 'aa', 5, 10000, 'multiple_images-1692454761501.png', '2023-08-19 21:19:21', '2023-08-19 21:19:21', '2023-08-19 21:19:27'),
(36, 'dat', 20000, 111, 'a', 5, 10000, 'multiple_images-1692454887193.png', '2023-08-19 21:21:27', '2023-08-19 21:21:27', '2023-08-21 08:12:06'),
(37, 'Khuất Tiến Đạt', 11, 111, 'a', 5, 10000, 'multiple_images-1692455075824.png', '2023-08-19 21:24:36', '2023-08-19 21:24:36', '2023-08-21 08:12:06'),
(38, 'Khuất Tiến Đạt', 20000, 111, 'aaaaa', 6, 10000, 'multiple_images-1692603606731.png', '2023-08-21 14:40:07', '2023-08-21 14:40:07', '2023-08-24 14:04:40'),
(39, 'dat', 20000, 111, 'jhaskjdkjas', 5, 10000, 'multiple_images-1692674152708.png', '2023-08-22 10:15:53', '2023-08-22 10:15:53', '2023-08-22 10:15:58'),
(40, 'Khuất Tiến Đạt nnnn', 100, 11, 'asdaasdaasdaasdaasdaasdaasdaasdaasdaasdaasdaasdaasdaasdaasdaasdaasdaasdaasdaasdaasdaasdaasdaasdaasdaasdaasdaasdaasdaasdaasdaasdaasdaasdaasdaasdaasdaasdaasdaasdaasdaasdaasdaasdaasda', 6, 10000, 'multiple_images-1696573774895.png', '2023-08-24 14:05:20', '2023-10-06 13:50:56', '2023-10-06 13:56:02'),
(41, 'Khuất Tiến Đạt', 20000, 111, 'a', 9, 10000, 'multiple_images-1692889974878.png', '2023-08-24 22:12:55', '2023-08-24 22:12:55', '2023-08-24 22:13:01'),
(42, 'Khuất Tiến Đạt', 20000, 111, 'a', 6, 22, 'multiple_images-1693215421150.png', '2023-08-25 22:42:51', '2023-08-28 16:37:01', '2023-10-06 13:56:02'),
(43, 'dat', 20000, 111, 'aaaa', 6, 10000, 'multiple_images-1696570408241.png', '2023-08-28 15:19:33', '2023-10-06 12:33:28', '2023-10-06 13:56:02'),
(44, 'Khuất Tiến Đạt', 1000000, 111, 'j', 6, 10, 'multiple_images-1693215218999.png', '2023-08-28 15:40:21', '2023-08-28 16:33:39', '2023-08-28 16:39:51'),
(45, 'Khuất Tiến Đạt', 20000, 111, 's', 10, 10000, 'multiple_images-1693321740342.png', '2023-08-29 22:09:00', '2023-08-29 22:09:00', '2023-10-06 13:56:02'),
(46, 'Khuất Tiến Đạt', 20000, 100, 'ádsdsa', 6, 10000, 'multiple_images-1696570285731.png', '2023-08-29 22:18:10', '2023-10-06 12:31:25', '2023-10-06 13:56:02'),
(47, 'Khuất Tiến Đạt', 11, 10, 'sss', 6, 10000, 'multiple_images-1696570654224.png', '2023-10-06 12:37:34', '2023-10-06 12:37:34', '2023-10-06 13:56:02'),
(48, 'vong co1', 2000000, 10, 'asds', 6, 22, 'multiple_images-1696575422862.png', '2023-10-06 13:57:03', '2023-10-12 23:00:55', '2023-10-16 16:30:39'),
(49, 'Khuất Tiến Đạt', 20000, 11, 'aa', 6, 10000, 'multiple_images-1696578102418.png', '2023-10-06 14:41:42', '2023-10-12 23:01:04', '2023-10-16 16:30:39'),
(50, 'html', 1000000, 11, 'bv', 6, 10000, 'multiple_images-1696583129844.png', '2023-10-06 16:05:30', '2023-10-12 23:28:32', '2023-10-16 16:30:39'),
(51, 'tran viet hoang', 1000000, 20, 'adasda', 10, 22, 'multiple_images-1697448426960.jpg', '2023-10-16 16:27:07', '2023-10-16 16:27:07', '2023-10-16 16:30:39'),
(53, 'dat', 20000, 10, 'sadqw', 12, 22, 'multiple_images-1697530238406.png', '2023-10-17 15:10:38', '2023-10-17 15:10:38', '2023-11-05 20:34:20'),
(54, 'test', 1000000, 20, 'dasdw', 13, 10000, 'multiple_images-1698370744623.png', '2023-10-27 08:39:04', '2023-10-27 08:39:04', '2023-11-05 20:34:18'),
(55, 'Nhẫn kim cương ', 2500000, 20, 'https://mauweb.monamedia.net/precita/wp-content/uploads/2018/07/h1076p-di-wg-600x600.jpg', 12, 100, 'multiple_images-1699191327339.png', '2023-11-05 20:35:27', '2023-11-05 20:35:27', NULL),
(56, 'Dây chuyền vỏ ốc', 1000000, 1, 'https://mauweb.monamedia.net/precita/wp-content/uploads/2018/07/h1076p-di-wg-600x600.jpg', 14, 99, 'multiple_images-1699191413844.jpg', '2023-11-05 20:36:53', '2023-11-28 15:38:01', NULL),
(57, 'Lắc tay bạc đính đá cao cấp', 18900000, 8, 'https://mauweb.monamedia.net/precita/wp-content/uploads/2018/07/h1076p-di-wg-600x600.jpg', 13, 11, 'multiple_images-1699191485144.png', '2023-11-05 20:38:05', '2023-11-05 20:38:05', NULL),
(58, 'Nhẫn đính kim cương', 559000, 33, 'https://mauweb.monamedia.net/precita/wp-content/uploads/2018/07/h1076p-di-wg-600x600.jpg', 12, 10, 'multiple_images-1699191520459.png', '2023-11-05 20:38:40', '2023-11-27 01:08:55', NULL),
(59, 'Khuyên tai vàng vô cực', 3580000, 15, 'https://mauweb.monamedia.net/precita/wp-content/uploads/2018/07/h1076p-di-wg-600x600.jpg', 15, 18, 'multiple_images-1699191562919.png', '2023-11-05 20:39:23', '2023-11-28 19:49:40', NULL),
(60, 'Hoa tài vàng đính đá', 1000000, 0, 'https://mauweb.monamedia.net/precita/wp-content/uploads/2018/07/h1076p-di-wg-600x600.jpg', 15, 22, 'multiple_images-1699191615161.jpg', '2023-11-05 20:40:15', '2023-11-16 21:04:56', NULL),
(61, 'Khuất Tiến Đạt', 1000000, 10, '///', 15, 22, 'multiple_images-1700501367077.png', '2023-11-21 00:29:27', '2023-11-21 00:29:27', NULL),
(62, 'test testtesttesttesttest test testtesttesttesttesttest testtesttesttesttesttest testtesttesttesttest', 1000000, 10, 'adas', 12, 9988, 'multiple_images-1700983272247.jpg', '2023-11-26 14:21:12', '2023-11-28 19:49:40', NULL),
(63, 'Khuất Tiến Đạt', 1000000, 11, 'da', 12, 9970, 'multiple_images-1700983293844.jpg', '2023-11-26 14:21:34', '2023-11-28 19:49:40', NULL),
(64, 'Khuất Tiến Đạt', 20000, 20, 'asd', 12, 10000, 'multiple_images-1700983321502.png', '2023-11-26 14:22:01', '2023-11-26 14:22:01', NULL),
(65, 'html', 20000, 20, 'asds', 14, 22, 'multiple_images-1700983339341.png', '2023-11-26 14:22:19', '2023-11-26 14:22:19', NULL);

-- --------------------------------------------------------

--
-- Table structure for table `roles`
--

CREATE TABLE `roles` (
  `id` int(20) NOT NULL,
  `name` varchar(50) NOT NULL,
  `createdAt` datetime DEFAULT NULL,
  `deletedAt` datetime DEFAULT NULL,
  `updatedAt` datetime DEFAULT NULL
) ENGINE=InnoDB DEFAULT CHARSET=utf8mb4 COLLATE=utf8mb4_general_ci;

--
-- Dumping data for table `roles`
--

INSERT INTO `roles` (`id`, `name`, `createdAt`, `deletedAt`, `updatedAt`) VALUES
(1, 'user', NULL, NULL, NULL),
(2, 'admin', NULL, NULL, NULL);

-- --------------------------------------------------------

--
-- Table structure for table `transactions`
--

CREATE TABLE `transactions` (
  `id` int(20) NOT NULL,
  `user_id` int(20) NOT NULL,
  `status` varchar(100) DEFAULT NULL,
  `user_name` varchar(100) CHARACTER SET utf8 COLLATE utf8_general_ci NOT NULL,
  `user_phone` varchar(20) NOT NULL,
  `user_email` varchar(100) NOT NULL,
  `amount` bigint(50) NOT NULL,
  `payment` varchar(100) CHARACTER SET utf8 COLLATE utf8_general_ci NOT NULL,
  `payment_info` varchar(500) CHARACTER SET utf8 COLLATE utf8_general_ci DEFAULT NULL,
  `message` varchar(500) CHARACTER SET utf8 COLLATE utf8_general_ci DEFAULT NULL,
  `security` varchar(100) CHARACTER SET utf8 COLLATE utf8_general_ci DEFAULT NULL,
  `createdAt` datetime DEFAULT NULL,
  `deletedAt` datetime DEFAULT NULL,
  `updatedAt` datetime DEFAULT NULL
) ENGINE=InnoDB DEFAULT CHARSET=utf8mb4 COLLATE=utf8mb4_general_ci;

--
-- Dumping data for table `transactions`
--

INSERT INTO `transactions` (`id`, `user_id`, `status`, `user_name`, `user_phone`, `user_email`, `amount`, `payment`, `payment_info`, `message`, `security`, `createdAt`, `deletedAt`, `updatedAt`) VALUES
(1, 23, '0', 'test', 'test', 'test', 5000000, 'thanh toán khi nhận hàng', NULL, NULL, NULL, '2023-08-24 13:50:57', NULL, '2023-08-24 13:50:57'),
(2, 23, '0', 'test', 'test', 'test', 5000000, 'thanh toán khi nhận hàng', NULL, NULL, NULL, '2023-08-24 13:51:28', NULL, '2023-08-24 13:51:28'),
(3, 23, '0', 'test', 'test', 'test', 5000000, 'thanh toán khi nhận hàng', NULL, NULL, NULL, '2023-08-24 13:55:05', NULL, '2023-08-24 13:55:05'),
(4, 23, '0', 'test', 'test', 'test', 5000000, 'thanh toán khi nhận hàng', NULL, NULL, NULL, '2023-08-24 20:42:32', NULL, '2023-08-24 20:42:32'),
(5, 23, '0', 'test', 'test', 'test', 5000000, 'thanh toán khi nhận hàng', NULL, NULL, 'PAYID-MTTV6MQ9JE131694U826863U', '2023-08-24 20:46:26', NULL, '2023-08-24 20:47:48'),
(6, 23, 'Đã thanh toán', 'test', 'test', 'test', 5000000, 'thanh toán khi nhận hàng', NULL, NULL, 'PAYID-MTTWBFY50W65516GT6934408', '2023-08-24 20:52:23', NULL, '2023-08-24 20:58:04'),
(7, 23, 'chưa thanh toán', 'test', 'test', 'test', 5000000, 'thanh toán khi nhận hàng', NULL, NULL, NULL, '2023-08-30 13:25:01', NULL, '2023-08-30 13:25:01'),
(8, 23, 'chưa thanh toán', 'test', 'test', 'test', 5000000, 'thanh toán khi nhận hàng', NULL, NULL, NULL, '2023-08-30 13:25:10', NULL, '2023-08-30 13:25:10'),
(9, 23, 'chưa thanh toán', 'test', 'test', 'test', 5000000, 'thanh toán khi nhận hàng', NULL, NULL, NULL, '2023-08-30 13:25:18', NULL, '2023-08-30 13:25:18'),
(10, 23, 'chưa thanh toán', 'test', 'test', 'test', 5000000, 'thanh toán khi nhận hàng', NULL, NULL, NULL, '2023-08-30 13:29:16', NULL, '2023-08-30 13:29:16'),
(11, 23, 'Đã thanh toán', 'test', 'test', 'test', 5000000, 'thanh toán khi nhận hàng', NULL, NULL, 'PAYID-MT4XJVY6L118993LV7449821', '2023-09-07 13:59:34', NULL, '2023-09-07 14:00:01'),
(12, 23, 'Đã thanh toán', 'test', 'test', 'test', 5000000, 'thanh toán khi nhận hàng', NULL, NULL, 'PAYID-MUOY2BI2D159781A0280860H', '2023-10-04 23:04:20', NULL, '2023-10-04 23:04:39'),
(13, 23, 'chưa thanh toán', 'test', 'test', 'test', 4000000, 'thanh toán khi nhận hàng', NULL, NULL, NULL, '2023-10-04 23:30:19', NULL, '2023-10-04 23:30:19'),
(14, 23, 'Đã thanh toán', 'test', 'test', 'test', 4000000, 'thanh toán khi nhận hàng', NULL, NULL, 'PAYID-MUOZIGA4F280298TS286004C', '2023-10-04 23:34:32', NULL, '2023-10-04 23:34:42'),
(15, 23, 'Đã thanh toán', 'test', 'test', 'test', 8017800, 'thanh toán khi nhận hàng', NULL, NULL, 'PAYID-MUP3YVA44D58778YW024653R', '2023-10-06 14:50:45', NULL, '2023-10-06 14:51:13'),
(16, 23, 'Đã thanh toán', 'test', 'test', 'test', 8017800, 'thanh toán khi nhận hàng', NULL, NULL, 'PAYID-MVKQJIA9V384575L4320020E', '2023-11-16 00:49:25', NULL, '2023-11-16 00:49:46'),
(17, 23, 'Đã thanh toán', 'test', 'test', 'test', 8017800, 'thanh toán khi nhận hàng', NULL, NULL, 'PAYID-MVKQKUI9FC36785E5242963S', '2023-11-16 00:52:23', NULL, '2023-11-16 00:52:34'),
(18, 23, 'Đã thanh toán', 'test', 'test', 'test', 8017800, 'thanh toán khi nhận hàng', NULL, NULL, 'PAYID-MVKQK6Q43N0765544301672R', '2023-11-16 00:53:05', NULL, '2023-11-16 00:53:15'),
(19, 23, 'Đã thanh toán', 'test', 'test', 'test', 8017800, 'thanh toán khi nhận hàng', NULL, NULL, 'PAYID-MVKQLFY77344242MM265721T', '2023-11-16 00:53:33', NULL, '2023-11-16 00:53:43'),
(20, 23, 'chưa thanh toán', 'test', 'test', 'test', 8017800, 'thanh toán khi nhận hàng', NULL, NULL, NULL, '2023-11-26 15:05:50', NULL, '2023-11-26 15:05:50'),
(21, 23, 'chưa thanh toán', 'test', 'test', 'test', 8017800, 'thanh toán khi nhận hàng', NULL, NULL, NULL, '2023-11-26 15:07:23', NULL, '2023-11-26 15:07:23'),
(22, 23, 'chưa thanh toán', 'test', 'test', 'test', 8017800, 'thanh toán khi nhận hàng', NULL, NULL, NULL, '2023-11-26 15:07:23', NULL, '2023-11-26 15:07:23'),
(23, 23, 'chưa thanh toán', 'test', 'test', 'test', 2812800, 'thanh toán khi nhận hàng', NULL, NULL, NULL, '2023-11-26 15:12:19', NULL, '2023-11-26 15:12:19'),
(24, 23, 'chưa thanh toán', 'test', 'test', 'test', 2812800, 'thanh toán khi nhận hàng', NULL, NULL, NULL, '2023-11-26 15:16:05', NULL, '2023-11-26 15:16:05'),
(25, 23, 'chưa thanh toán', 'test', 'test', 'test', 2812800, 'thanh toán khi nhận hàng', NULL, NULL, NULL, '2023-11-26 15:22:50', NULL, '2023-11-26 15:22:50'),
(26, 23, 'chưa thanh toán', 'test', 'test', 'test', 2812800, 'thanh toán khi nhận hàng', NULL, NULL, NULL, '2023-11-26 15:23:49', NULL, '2023-11-26 15:23:49'),
(27, 23, 'chưa thanh toán', 'test', 'test', 'test', 2812800, 'thanh toán khi nhận hàng', NULL, NULL, NULL, '2023-11-26 15:25:03', NULL, '2023-11-26 15:25:03'),
(28, 23, 'chưa thanh toán', 'test', 'test', 'test', 2812800, 'thanh toán khi nhận hàng', NULL, NULL, NULL, '2023-11-26 16:47:24', NULL, '2023-11-26 16:47:24'),
(29, 23, 'chưa thanh toán', 'test', 'test', 'test', 2812800, 'thanh toán khi nhận hàng', NULL, NULL, NULL, '2023-11-26 16:48:47', NULL, '2023-11-26 16:48:47'),
(30, 23, 'chưa thanh toán', 'test', 'test', 'test', 2812800, 'thanh toán khi nhận hàng', NULL, NULL, NULL, '2023-11-26 16:50:58', NULL, '2023-11-26 16:50:58'),
(31, 23, 'chưa thanh toán', 'test', 'test', 'test', 2812800, 'thanh toán khi nhận hàng', NULL, NULL, NULL, '2023-11-26 18:05:44', NULL, '2023-11-26 18:05:44'),
(32, 23, 'chưa thanh toán', 'test', 'test', 'test', 2812800, 'thanh toán khi nhận hàng', NULL, NULL, NULL, '2023-11-26 21:36:26', NULL, '2023-11-26 21:36:26'),
(33, 23, 'chưa thanh toán', 'test', 'test', 'test', 2812800, 'thanh toán khi nhận hàng', NULL, NULL, NULL, '2023-11-26 22:56:46', NULL, '2023-11-26 22:56:46'),
(34, 23, 'chưa thanh toán', 'test', 'test', 'test', 2812800, 'thanh toán khi nhận hàng', NULL, NULL, NULL, '2023-11-26 23:14:26', NULL, '2023-11-26 23:14:26'),
(35, 23, 'Đã hủy giao dịch', 'test', 'test', 'test', 2812800, 'thanh toán khi nhận hàng', NULL, NULL, NULL, '2023-11-27 00:35:03', NULL, '2023-11-27 00:35:14'),
(36, 23, 'chưa thanh toán', 'test', 'test', 'test', 2812800, 'thanh toán khi nhận hàng', NULL, NULL, NULL, '2023-11-27 00:36:24', NULL, '2023-11-27 00:36:24'),
(37, 23, 'chưa thanh toán', 'test', 'test', 'test', 2812800, 'thanh toán khi nhận hàng', NULL, NULL, NULL, '2023-11-27 00:36:25', NULL, '2023-11-27 00:36:25'),
(38, 23, 'chưa thanh toán', 'test', 'test', 'test', 2812800, 'thanh toán khi nhận hàng', NULL, NULL, NULL, '2023-11-27 00:43:38', NULL, '2023-11-27 00:43:38'),
(39, 23, 'chưa thanh toán', 'test', 'test', 'test', 2812800, 'thanh toán khi nhận hàng', NULL, NULL, NULL, '2023-11-27 00:46:55', NULL, '2023-11-27 00:46:55'),
(40, 23, 'Đã hủy giao dịch', 'test', 'test', 'test', 2812800, 'thanh toán khi nhận hàng', NULL, NULL, NULL, '2023-11-27 01:08:40', NULL, '2023-11-27 01:08:55'),
(41, 23, 'chưa thanh toán', 'test', 'test', 'test', 2812800, 'thanh toán khi nhận hàng', NULL, NULL, NULL, '2023-11-27 01:10:18', NULL, '2023-11-27 01:10:18'),
(42, 23, 'chưa thanh toán', 'Khuất Tiến Đạt', '0383878902', 'khuattiendat2002@gmail.com', 44671000, 'Payment', NULL, NULL, NULL, '2023-11-28 15:32:12', NULL, '2023-11-28 15:32:12'),
(43, 23, 'chưa thanh toán', 'Khuất Tiến Đạt', '0383878902', 'khuattiendat2002@gmail.com', 44671000, 'Payment', NULL, NULL, NULL, '2023-11-28 15:32:54', NULL, '2023-11-28 15:32:54'),
(44, 23, 'Đã thanh toán', 'Khuất Tiến Đạt', '0383878902', 'khuattiendat2002@gmail.com', 27283000, 'Payment', NULL, NULL, 'PAYID-MVS2NVA4XT9602309119191X', '2023-11-28 15:37:41', NULL, '2023-11-28 15:38:01'),
(45, 23, 'Đã hủy giao dịch', 'Khuất Tiến Đạt', '0383878902', 'khuattiendat2002@gmail.com', 16393000, 'Payment', NULL, NULL, NULL, '2023-11-28 15:39:12', NULL, '2023-11-28 15:39:25'),
(46, 23, 'Đã thanh toán', 'Khuất Tiến Đạt', '0383878902', 'khuattiendat2002@gmail.com', 17293000, 'Payment', NULL, NULL, 'PAYID-MVS6DSQ6EL11521441173931', '2023-11-28 19:49:13', NULL, '2023-11-28 19:49:40');

-- --------------------------------------------------------

--
-- Table structure for table `users`
--

CREATE TABLE `users` (
  `id` int(20) NOT NULL,
  `name` varchar(50) NOT NULL,
  `email` varchar(100) NOT NULL,
  `phone_number` varchar(20) NOT NULL,
  `address` varchar(100) NOT NULL,
  `password` varchar(100) NOT NULL,
  `role_id` int(11) NOT NULL,
  `gender` varchar(20) NOT NULL,
  `createdAt` datetime DEFAULT NULL,
  `updatedAt` datetime DEFAULT NULL,
  `deletedAt` datetime DEFAULT NULL
) ENGINE=InnoDB DEFAULT CHARSET=utf8mb4 COLLATE=utf8mb4_general_ci;

--
-- Dumping data for table `users`
--

INSERT INTO `users` (`id`, `name`, `email`, `phone_number`, `address`, `password`, `role_id`, `gender`, `createdAt`, `updatedAt`, `deletedAt`) VALUES
(23, 'Khuất Tiến Đạt', 'khuattiendat2002@gmail.com', '0383878902', 'thôn 1 xã phúc hòa huyện Phúc thọ Thành phố hà nội', '$2b$10$UO/Pe55DGWiNjaBw0uhJ9OWzhCd7t2vP5jlGEft4YKVXb7q73XKR6', 2, 'nam', '2023-08-19 20:46:30', '2023-11-03 13:15:20', NULL),
(24, 'Khuất Tiến Đạt', 'khuattiendat1@gmail.com', '0383878901', 'thôn 1 xã phúc hòa huyện Phúc thọ Thành phố hà nội', '$2b$10$w8JHCcAFWBmNzYJLnyua4er3SHzWb6o10bKLMOjvTHjcEo2TWm0e6', 1, 'nam', '2023-08-19 20:59:05', '2023-08-19 20:59:05', '2023-08-19 20:59:09'),
(29, 'Khuất Tiến Đạt', 'khuattiendat1@gmail.com', '0383878903', 'thôn 1 xã phúc hòa huyện Phúc thọ Thành phố hà nội', '$2b$10$pVb7ctze.WWe0brvGXjMue4keaCAjiKUOocrf2UQPYhJ/O5pWQdVG', 1, 'nam', '2023-08-19 21:01:12', '2023-08-19 21:01:12', '2023-08-19 21:01:44'),
(31, 'Khuất Tiến Đạt', 'khuattiendat1@gmail.com', '0383878905', 'thôn 1 xã phúc hòa huyện Phúc thọ Thành phố hà nội', '$2b$10$pkcrwmDRNZiRZdNKU1cbN.RJEkSJjp0hrjKA16X84gu/mjduBEqmm', 1, 'nam', '2023-08-19 21:07:02', '2023-08-19 21:07:02', '2023-08-19 21:07:08'),
(45, 'Khuất Tiến Đạt', 'khuattiendat1@gmail.com', '0383878901', 'thôn 1 xã phúc hòa huyện Phúc thọ Thành phố hà nội', '$2b$10$m7h09MO.wJkZ4U5D7QImHu46by612FsMup3HBFM26nrCmgnsfp5/C', 1, 'nam', '2023-08-21 08:39:18', '2023-08-21 08:39:18', '2023-08-24 14:04:36'),
(46, 'Khuất Tiến Đạt', 'khuattiendat1@gmail.com', '0383878904', 'thôn 1 xã phúc hòa huyện Phúc thọ Thành phố hà nội', '$2b$10$yRk5B0MIX0t.V6SQ5A/Zje2Tz/T.0xjKHFLxEx74PSfOqLB3qpH/S', 1, 'Nam', '2023-08-21 13:09:15', '2023-08-21 13:09:15', '2023-08-21 13:09:50'),
(47, 'Khuất Tiến Đạt', 'baokhanhh20@gmail.com', '0383878903', 'thôn 1 xã phúc hòa huyện Phúc thọ Thành phố hà nội', '$2b$10$lDyyZPXiXp8MPKFicUUy8OjsDIbEFsRyFGGTyG0xktStYt5gF91Km', 1, 'nam', '2023-08-24 14:47:48', '2023-08-24 14:47:48', '2023-08-24 15:41:57'),
(48, 'Khuất Tiến Đạt', 'khuattiendat1@gmail.com', '0383878904', 'thôn 1 xã phúc hòa huyện Phúc thọ Thành phố hà nội', '$2b$10$o6KEt/G.9fCItD03aNP77eFDMTTNj1A74fqm.FWvJoSVJci7pGci.', 1, 'Nam', '2023-08-24 20:59:41', '2023-10-12 23:17:04', '2023-10-12 23:17:21'),
(49, 'Khuất Tiến Đạt', 'khuattiendat1@gmail.com', '0383878905', 'thôn 1 xã phúc hòa huyện Phúc thọ Thành phố hà nội', '$2b$10$kmwYJKLus/wyViL6GDCYIeoIy27d9bdpxtx0kHYyyVYB8vCWNl4ja', 1, 'nam', '2023-08-24 21:30:33', '2023-10-12 23:14:37', '2023-10-12 23:16:16'),
(50, 'Khuất Tiến Đạt', 'khuattiendat1@gmail.com', '0383878901', 'thôn 1 xã phúc hòa huyện Phúc thọ Thành phố hà nội', '$2b$10$oxxi0BMOVjYkr8tVsYdh7OlBUPmjyg8KZZkbm312j/UAf1mB8hjGi', 1, 'nam', '2023-08-24 22:12:30', '2023-08-24 22:12:30', '2023-08-24 22:12:36'),
(51, 'Khuất Tiến Đạt', 'khuattiendat1@gmail.com', '0383878900', 'thôn 1 xã phúc hòa huyện Phúc thọ Thành phố hà nội', '$2b$10$bcPbt33a2H4P1nGnq1usyuf8NxptHDNDbwVb7JE7YEDbP7RVdR1Ki', 1, 'nam', '2023-08-25 19:24:49', '2023-08-25 19:24:49', '2023-08-25 19:25:14'),
(52, 'Khuất Tiến Đạt', 'khuattiendat1@gmail.com', '0383878988', 'thôn 1 xã phúc hòa huyện Phúc thọ Thành phố hà nội', '$2b$10$Aw.VPQnyjUUQTJaya8BBvun5sO8oVyPSHFOmB1maFLZjW4JXjDGhu', 1, 'Nữ', '2023-10-06 14:45:48', '2023-10-06 14:45:48', '2023-10-12 22:59:54'),
(53, 'Khuất Tiến Đạt', 'khuattiendat1@gmail.com', '0383877894', 'thôn 1 xã phúc hòa huyện Phúc thọ Thành phố hà nội', '$2b$10$kneky0i4JraT9hiHjAaAAOII3MSa4ulhfFbm9aGaIGtlXDr0w2gzO', 1, 'nam', '2023-10-12 23:24:43', '2023-10-12 23:28:15', '2023-10-16 16:30:33'),
(54, 'Khuất Tiến Đạt', 'khuattiendat1@gmail.com', '0383878909', 'thôn 1 xã phúc hòa huyện Phúc thọ Thành phố hà nội', '$2b$10$657WFaVWzHE38ZZ9dz.wOuk9ysFId6lfaPkqn4y0lldVCtby1eqVa', 1, 'nam', '2023-10-27 08:38:35', '2023-10-27 08:38:35', NULL),
(55, 'Khuất Tiến Đạt', 'khuattiendat2002@gmail.com', '0565185082', 'thôn 1 xã phúc hòa huyện Phúc thọ Thành phố hà nội', '$2b$10$xY.6NimQ/qp6R/3S1QUAg.L8AjBdGl6rs8bWPHCYnaPq9FtUNhbOa', 1, 'nam', '2023-10-29 20:22:14', '2023-10-29 20:29:55', NULL),
(56, 'khuatiendat', 'khautiendat1@gmail.com', '0383878900', 'hn', '$2b$10$i2nnat/wYTGhnNk.Y61fUO4gDHZG85FHWbH0JitZXzXFkKkOuw4/G', 1, 'nam', '2023-10-29 23:08:53', '2023-10-29 23:08:53', '2023-11-21 13:37:41'),
(57, 'gion', 'khuattiendat2002@gmail.com', '0565185809', 'hn', '$2b$10$foYbwkbHRdMWYUtb26xa7u5r4Epr.TGq7SZszRI9U25.iivwIu9sO', 1, 'nam', '2023-10-29 23:09:52', '2023-10-29 23:09:52', NULL),
(58, 'khuat', 'khuat', '0565185099', 'adas', '$2b$10$UqxEwwUGoUTKCuZmq3cyMO57qh2Z7.7Xt7JHNhoBwHE/jVP0oyclm', 1, 'nam', '2023-10-29 23:20:15', '2023-10-29 23:20:15', NULL),
(59, 'Khuất Tiến Đạt', 'khuattiendat1@gmail.com', '0383878988', 'thôn 1 xã phúc hòa huyện Phúc thọ Thành phố hà nội', '$2b$10$dZb5nGT1tshKlFvJ/iT4HeWiB8X8Oudi76w0CdAzGDpQGsNlAU.4O', 1, 'nam', '2023-10-29 23:22:34', '2023-10-29 23:22:34', NULL);

--
-- Indexes for dumped tables
--

--
-- Indexes for table `categories`
--
ALTER TABLE `categories`
  ADD PRIMARY KEY (`id`);

--
-- Indexes for table `galleries`
--
ALTER TABLE `galleries`
  ADD PRIMARY KEY (`id`),
  ADD KEY `product_id` (`product_id`);

--
-- Indexes for table `orders`
--
ALTER TABLE `orders`
  ADD PRIMARY KEY (`id`),
  ADD KEY `user_id` (`user_id`);

--
-- Indexes for table `order_details`
--
ALTER TABLE `order_details`
  ADD PRIMARY KEY (`id`),
  ADD KEY `order_id` (`order_id`),
  ADD KEY `product_id` (`product_id`);

--
-- Indexes for table `products`
--
ALTER TABLE `products`
  ADD PRIMARY KEY (`id`),
  ADD KEY `category_id` (`category_id`);

--
-- Indexes for table `roles`
--
ALTER TABLE `roles`
  ADD PRIMARY KEY (`id`);

--
-- Indexes for table `transactions`
--
ALTER TABLE `transactions`
  ADD PRIMARY KEY (`id`);

--
-- Indexes for table `users`
--
ALTER TABLE `users`
  ADD PRIMARY KEY (`id`),
  ADD KEY `role_id` (`role_id`);

--
-- AUTO_INCREMENT for dumped tables
--

--
-- AUTO_INCREMENT for table `categories`
--
ALTER TABLE `categories`
  MODIFY `id` int(20) NOT NULL AUTO_INCREMENT, AUTO_INCREMENT=19;

--
-- AUTO_INCREMENT for table `galleries`
--
ALTER TABLE `galleries`
  MODIFY `id` int(20) NOT NULL AUTO_INCREMENT, AUTO_INCREMENT=142;

--
-- AUTO_INCREMENT for table `orders`
--
ALTER TABLE `orders`
  MODIFY `id` int(20) NOT NULL AUTO_INCREMENT, AUTO_INCREMENT=47;

--
-- AUTO_INCREMENT for table `order_details`
--
ALTER TABLE `order_details`
  MODIFY `id` int(20) NOT NULL AUTO_INCREMENT, AUTO_INCREMENT=96;

--
-- AUTO_INCREMENT for table `products`
--
ALTER TABLE `products`
  MODIFY `id` int(20) NOT NULL AUTO_INCREMENT, AUTO_INCREMENT=66;

--
-- AUTO_INCREMENT for table `roles`
--
ALTER TABLE `roles`
  MODIFY `id` int(20) NOT NULL AUTO_INCREMENT, AUTO_INCREMENT=3;

--
-- AUTO_INCREMENT for table `transactions`
--
ALTER TABLE `transactions`
  MODIFY `id` int(20) NOT NULL AUTO_INCREMENT, AUTO_INCREMENT=47;

--
-- AUTO_INCREMENT for table `users`
--
ALTER TABLE `users`
  MODIFY `id` int(20) NOT NULL AUTO_INCREMENT, AUTO_INCREMENT=60;

--
-- Constraints for dumped tables
--

--
-- Constraints for table `galleries`
--
ALTER TABLE `galleries`
  ADD CONSTRAINT `galleries_ibfk_1` FOREIGN KEY (`product_id`) REFERENCES `products` (`id`);

--
-- Constraints for table `orders`
--
ALTER TABLE `orders`
  ADD CONSTRAINT `orders_ibfk_1` FOREIGN KEY (`user_id`) REFERENCES `users` (`id`);

--
-- Constraints for table `order_details`
--
ALTER TABLE `order_details`
  ADD CONSTRAINT `order_details_ibfk_1` FOREIGN KEY (`order_id`) REFERENCES `orders` (`id`),
  ADD CONSTRAINT `order_details_ibfk_2` FOREIGN KEY (`product_id`) REFERENCES `products` (`id`);

--
-- Constraints for table `products`
--
ALTER TABLE `products`
  ADD CONSTRAINT `products_ibfk_1` FOREIGN KEY (`category_id`) REFERENCES `categories` (`id`);

--
-- Constraints for table `users`
--
ALTER TABLE `users`
  ADD CONSTRAINT `users_ibfk_1` FOREIGN KEY (`role_id`) REFERENCES `roles` (`id`);
COMMIT;

/*!40101 SET CHARACTER_SET_CLIENT=@OLD_CHARACTER_SET_CLIENT */;
/*!40101 SET CHARACTER_SET_RESULTS=@OLD_CHARACTER_SET_RESULTS */;
/*!40101 SET COLLATION_CONNECTION=@OLD_COLLATION_CONNECTION */;
